cycle,t,drain_s,failures,ferry_cri_up,ferry_cri_fds,ferry_cri_rss_mib,ferry_cri_threads,ferry_streamer_up,ferry_streamer_fds,ferry_streamer_rss_mib,ferry_streamer_threads,ferry_proxyd_up,ferry_proxyd_fds,ferry_proxyd_rss_mib,ferry_proxyd_threads,ferry_proxy_up,ferry_proxy_fds,ferry_proxy_rss_mib,ferry_proxy_threads,ferry_netpol_up,ferry_netpol_fds,ferry_netpol_rss_mib,ferry_netpol_threads,ferry_storage_up,ferry_storage_fds,ferry_storage_rss_mib,ferry_storage_threads,kubelet_up,kubelet_fds,kubelet_rss_mib,kubelet_threads,etcd_up,etcd_fds,etcd_rss_mib,etcd_threads,kube_apiserver_up,kube_apiserver_fds,kube_apiserver_rss_mib,kube_apiserver_threads,kube_controller_manager_up,kube_controller_manager_fds,kube_controller_manager_rss_mib,kube_controller_manager_threads,kube_scheduler_up,kube_scheduler_fds,kube_scheduler_rss_mib,kube_scheduler_threads,vms,run_files,run_sockets,run_dirs,run_mib,run_logs_mib,state_mib,etcd_db_mib,if_bridge,if_vmenet,if_total,tcp_listen,tcp_established,tcp_close_wait,udp,unix_socks,api_up,k8s_pods,k8s_pods_all,k8s_endpoints,k8s_events,host_used_mib
0,1790304605.47,0,0,1,58,47,42,1,11,38,13,1,12,33,15,1,11,35,13,1,14,32,14,1,10,28,11,1,34,70,21,1,86,114,22,1,118,260,27,1,35,101,23,1,16,54,18,1,101,2,41,340,0,490,96,6,12,39,4,6,0,1,27,1,0,1,0,20566,67667
1,1790304638.49,3.3,0,1,58,182,47,1,11,41,15,1,12,34,15,1,11,36,15,1,14,35,17,1,10,28,11,1,35,88,30,1,86,130,22,1,119,330,27,1,35,119,23,1,16,62,21,1,228,2,161,637,1,490,96,6,12,39,4,7,0,1,27,1,0,1,0,20881,66471
2,1790304671.24,3.3,0,1,58,221,48,1,11,42,15,1,12,34,15,1,11,36,16,1,14,36,17,1,10,28,11,1,35,93,30,1,86,141,22,1,119,387,27,1,35,120,23,1,16,62,21,1,269,2,121,618,1,490,96,6,12,39,4,7,0,1,27,1,0,1,0,21178,66443
3,1790304704.78,3.4,0,1,61,231,47,1,11,42,15,1,12,35,17,1,11,37,17,1,14,36,18,1,10,28,11,1,35,102,41,1,86,146,22,1,119,415,28,1,35,122,23,1,16,63,21,1,401,2,241,916,2,490,96,6,12,39,4,7,0,1,30,1,0,1,0,21476,66659
4,1790304738.57,3.4,0,1,61,243,46,1,11,42,15,1,12,35,17,1,11,37,17,1,14,36,18,1,10,29,12,1,35,105,41,1,86,149,22,1,119,425,28,1,35,124,23,1,16,63,21,1,314,2,161,639,2,490,96,6,12,39,4,7,0,1,30,1,0,1,0,21775,66281
5,1790304803.34,3.4,0,1,61,246,47,1,11,42,15,1,12,35,17,1,11,37,17,1,14,36,18,1,10,29,12,1,35,105,41,1,86,157,22,1,119,444,28,1,35,125,23,1,16,63,21,1,272,2,161,640,3,490,96,6,12,39,4,7,0,1,30,1,0,1,0,22075,66314
6,1790304837.35,3.4,0,1,61,250,46,1,11,42,15,1,12,35,17,1,11,37,17,1,14,36,18,1,10,29,12,1,35,106,41,1,86,163,22,1,119,444,28,1,35,125,23,1,16,64,21,1,203,2,41,343,3,490,96,6,12,39,4,7,0,1,30,1,0,1,0,22375,66227
7,1790304871.52,3.4,0,1,61,261,46,1,11,43,15,1,12,35,17,1,11,37,17,1,14,36,18,1,10,29,12,1,35,106,41,1,86,166,22,1,119,445,28,1,35,125,23,1,16,64,22,1,313,2,161,640,3,490,96,6,12,39,4,7,0,1,30,1,0,1,0,22674,65951
8,1790304912.40,3.4,0,1,61,264,45,1,11,43,15,1,12,35,17,1,11,38,17,1,14,36,18,1,10,29,12,1,35,106,41,1,86,171,22,1,119,445,28,1,35,125,23,1,16,65,22,1,262,2,121,542,4,490,96,6,12,39,4,7,0,1,30,1,0,1,0,22974,66126
9,1790304950.57,3.4,0,1,61,281,44,1,11,43,15,1,12,35,17,1,11,38,18,1,14,36,18,1,10,29,12,1,35,106,41,1,86,174,22,1,119,458,28,1,35,126,23,1,16,65,22,1,391,2,239,834,4,490,96,6,12,39,4,7,0,1,30,1,0,1,0,23270,66106
10,1790304999.31,3.4,0,1,61,288,50,1,11,43,15,1,12,35,17,1,11,38,18,1,14,37,18,1,10,29,12,1,35,108,41,1,86,178,22,1,119,458,28,1,35,126,23,1,16,65,22,1,300,2,161,642,5,490,96,6,12,39,4,7,0,1,30,1,0,1,0,23570,66327
11,1790305070.96,3.3,0,1,61,304,45,1,11,43,15,1,12,36,17,1,11,38,18,1,14,37,18,1,10,29,12,1,35,108,41,1,86,181,22,1,119,458,28,1,35,126,23,1,16,65,22,1,269,2,159,637,5,490,96,6,12,39,4,7,0,1,30,1,0,1,0,23868,66119
12,1790305105.28,3.5,0,1,61,308,47,1,11,44,15,1,12,36,17,1,11,39,18,1,14,37,18,1,10,29,12,1,35,108,41,1,86,184,22,1,119,459,28,1,35,126,24,1,16,65,22,1,293,2,161,643,6,490,96,6,12,39,4,7,0,1,30,1,0,1,0,24168,66300
13,1790305139.92,3.4,0,1,61,311,45,1,11,44,15,1,12,36,17,1,11,39,18,1,14,37,18,1,10,29,12,1,35,108,41,1,86,188,22,1,119,459,28,1,35,126,24,1,16,66,22,1,195,2,41,346,6,490,96,6,12,39,4,7,0,1,30,1,0,1,0,24468,66165
14,1790305174.90,3.4,0,1,61,314,45,1,11,44,15,1,12,36,17,1,11,39,18,1,14,37,18,1,10,29,12,1,35,108,41,1,86,192,22,1,119,459,28,1,35,126,24,1,16,66,22,1,302,2,161,643,6,490,96,6,12,39,4,7,0,1,30,1,0,1,0,24767,66123
15,1790305214.75,3.4,0,1,61,318,46,1,11,44,15,1,12,36,17,1,11,39,18,1,14,37,18,1,10,29,12,1,35,109,41,1,86,194,22,1,119,459,28,1,35,126,24,1,16,66,22,1,260,2,121,545,7,490,96,6,12,39,4,7,0,1,30,1,0,1,0,25067,65982
16,1790305300.04,3.4,0,1,61,318,47,1,11,44,15,1,12,36,17,1,11,39,18,1,14,37,18,1,10,29,12,1,35,109,41,1,86,197,22,1,119,459,28,1,35,127,24,1,16,67,22,1,276,2,161,644,7,490,96,6,12,39,4,7,0,1,30,1,0,1,0,25367,66295
17,1790305335.00,3.4,0,1,61,318,46,1,11,44,15,1,12,36,17,1,11,39,18,1,14,37,18,1,10,29,12,1,35,110,41,1,87,199,22,1,119,459,28,1,35,127,24,1,16,67,22,1,265,2,121,546,8,551,96,6,12,39,4,7,0,1,30,1,0,1,0,25667,66039
18,1790305370.49,3.4,0,1,61,319,48,1,11,44,15,1,12,36,17,1,11,39,18,1,14,37,18,1,10,29,12,1,35,112,41,1,87,200,22,1,119,459,28,1,35,127,24,1,16,67,22,1,370,2,239,838,8,551,96,6,12,39,4,7,0,1,30,1,0,1,0,25963,65967
19,1790305407.20,3.3,0,1,61,321,45,1,11,44,15,1,12,36,17,1,11,39,18,1,14,37,19,1,10,29,12,1,35,112,41,1,87,202,22,1,119,459,28,1,35,127,24,1,16,67,22,1,298,2,157,636,9,551,96,6,12,39,4,7,0,1,30,1,0,1,0,26255,66073
20,1790305442.85,3.5,0,1,61,322,48,1,11,44,15,1,12,36,17,1,11,39,18,1,14,37,19,1,10,29,12,1,35,113,41,1,86,203,22,1,119,460,28,1,35,127,24,1,16,67,22,1,177,2,41,349,9,551,96,6,12,39,4,7,0,1,30,1,0,1,0,26555,66719
21,1790305484.63,3.3,0,1,61,322,46,1,11,44,15,1,12,36,17,1,11,39,18,1,14,37,19,1,10,29,12,1,35,113,41,1,86,205,22,1,119,460,28,1,35,127,24,1,16,67,22,1,308,2,161,646,9,551,96,6,12,39,4,7,0,1,30,1,0,1,0,26854,66025
22,1790305544.77,3.5,0,1,61,323,46,1,11,44,15,1,12,36,17,1,11,39,18,1,14,37,19,1,10,29,12,1,35,113,41,1,86,206,22,1,119,460,28,1,35,127,24,1,16,67,22,1,269,2,159,642,10,551,96,6,12,39,4,7,0,1,30,1,0,1,0,27151,65862
23,1790305581.25,3.5,0,1,61,325,46,1,11,44,15,1,12,36,17,1,11,39,18,1,14,37,19,1,10,29,12,1,35,113,41,1,86,206,22,1,119,460,28,1,35,128,24,1,16,67,22,1,290,2,161,647,10,551,96,6,12,39,4,7,0,1,30,1,0,1,0,27451,65814
24,1790305617.49,3.5,0,1,61,331,45,1,11,44,15,1,12,36,17,1,11,39,18,1,14,37,19,1,10,29,12,1,35,113,41,1,86,207,22,1,119,460,28,1,35,128,24,1,16,67,22,1,402,2,281,945,11,551,96,6,12,39,4,7,0,1,30,1,0,1,0,27751,66376
25,1790305653.83,3.4,0,1,61,336,46,1,11,44,15,1,12,36,17,1,11,39,18,1,14,37,19,1,10,29,12,1,35,115,41,1,86,207,22,1,119,460,28,1,35,128,24,1,16,68,22,1,298,2,161,648,11,551,96,6,12,39,4,7,0,1,30,1,0,1,0,28050,66012
26,1790305690.04,3.4,0,1,61,339,46,1,11,44,15,1,12,36,17,1,11,39,18,1,14,37,19,1,10,29,12,1,35,115,41,1,86,207,22,1,119,460,28,1,35,128,24,1,16,68,22,1,245,2,121,550,12,551,96,6,12,39,4,7,0,1,30,1,0,1,0,28350,66203
27,1790305727.30,3.4,0,1,61,340,45,1,11,44,15,1,12,36,17,1,11,39,18,1,14,37,19,1,10,29,12,1,35,115,41,1,86,208,22,1,119,460,28,1,35,128,24,1,16,68,22,1,384,2,241,847,12,551,96,6,12,39,4,7,0,1,30,1,0,1,0,28650,66036
28,1790305763.73,3.5,0,1,61,342,46,1,11,44,15,1,12,36,17,1,11,39,18,1,14,37,19,1,10,29,12,1,35,115,41,1,86,209,22,1,119,460,28,1,35,128,24,1,16,68,22,1,314,2,161,649,12,551,96,6,12,39,4,7,0,1,30,1,0,1,0,28950,66145
29,1790305801.83,3.3,0,1,61,345,48,1,11,44,15,1,12,36,17,1,11,39,18,1,14,37,19,1,10,30,12,1,35,117,41,1,86,210,22,1,119,460,28,1,35,128,24,1,16,68,22,1,428,2,279,942,13,551,96,6,12,39,4,7,0,1,30,1,0,1,0,29245,65952
30,1790305869.24,3.5,0,1,61,346,49,1,11,44,15,1,12,36,17,1,11,39,18,1,14,37,19,1,10,30,12,1,35,117,41,1,86,212,22,1,119,460,28,1,35,128,24,1,16,68,22,1,162,2,61,402,13,551,96,6,12,39,4,7,0,1,30,1,0,1,0,29545,66195
31,1790305907.28,3.4,0,1,61,348,45,1,11,44,15,1,12,36,17,1,11,39,18,1,14,37,19,1,10,30,12,1,35,117,41,1,86,212,22,1,119,461,28,1,35,128,24,1,16,68,22,1,304,2,181,701,14,551,96,6,12,39,4,7,0,1,30,1,0,1,0,29845,66107
32,1790305944.05,3.5,0,1,61,349,46,1,11,44,15,1,12,36,17,1,11,39,18,1,14,37,19,1,10,30,12,1,35,117,41,1,86,213,22,1,119,461,28,1,35,128,24,1,16,68,22,1,287,2,161,651,14,551,96,6,12,39,4,7,0,1,30,1,0,1,0,30145,66160
33,1790305981.92,3.4,0,1,61,350,46,1,11,44,15,1,12,36,17,1,11,39,18,1,14,37,19,1,10,30,12,1,35,117,41,1,86,213,22,1,119,461,28,1,35,128,24,1,16,68,22,1,407,2,281,949,15,551,96,6,12,39,4,7,0,1,30,1,0,1,0,30445,66196
34,1790306018.92,3.5,0,1,61,356,46,1,11,44,15,1,12,36,17,1,11,39,18,1,14,37,19,1,10,30,12,1,35,117,41,1,86,214,22,1,119,461,28,1,35,129,24,1,16,68,22,1,310,2,161,652,15,551,96,6,12,39,4,7,0,1,30,1,0,1,0,30745,66037
35,1790306073.62,3.4,0,1,61,358,46,1,11,44,15,1,12,36,17,1,11,39,18,1,14,37,19,1,10,30,12,1,35,117,41,1,86,214,22,1,119,461,28,1,35,129,24,1,16,68,22,1,271,2,161,652,15,551,96,6,12,39,4,7,0,1,30,1,0,1,0,31045,65892
36,1790306147.85,3.4,0,1,61,359,45,1,11,44,15,1,12,36,17,1,11,39,18,1,14,37,19,1,10,30,12,1,35,117,41,1,86,214,23,1,119,461,28,1,35,129,24,1,16,68,22,1,272,2,161,653,16,551,96,6,12,39,4,7,0,1,30,1,0,1,0,31345,65999
37,1790306186.94,3.4,0,1,61,360,46,1,11,44,15,1,12,36,17,1,11,39,18,1,14,37,19,1,10,30,12,1,35,117,41,1,86,214,23,1,119,461,28,1,35,129,24,1,16,68,22,1,289,2,161,653,16,551,96,6,12,39,4,7,0,1,30,1,0,1,0,31645,66146
38,1790306224.49,3.4,0,1,61,363,46,1,11,44,15,1,12,36,17,1,11,39,18,1,14,37,19,1,10,30,12,1,35,117,41,1,86,214,23,1,119,461,28,1,35,129,24,1,16,68,22,1,394,2,281,951,17,551,96,6,12,39,4,7,0,1,30,1,0,1,0,31945,66485
39,1790306262.52,3.4,0,1,61,364,47,1,11,44,15,1,12,36,17,1,11,39,18,1,14,38,19,1,10,30,12,1,35,117,41,1,87,214,23,1,119,461,28,1,35,129,24,1,16,68,22,1,308,2,161,654,17,613,96,6,12,39,4,7,0,1,30,1,0,1,0,32245,66050
40,1790306301.67,3.4,0,1,61,367,45,1,11,44,15,1,12,36,17,1,11,39,18,1,14,38,19,1,10,30,12,1,35,117,41,1,87,215,23,1,119,461,28,1,35,129,24,1,16,68,22,1,263,2,121,556,18,492,96,6,12,39,4,7,0,1,30,1,0,1,0,32545,66327
41,1790306407.63,3.4,0,1,61,368,45,1,11,44,15,1,12,36,17,1,11,39,18,1,14,38,19,1,10,30,12,1,35,117,41,1,83,215,23,1,117,461,28,1,35,130,24,1,16,68,22,1,273,2,161,655,18,492,96,6,12,39,4,7,0,1,30,1,0,1,0,32845,66234
42,1790306446.22,3.5,0,1,61,369,45,1,11,44,15,1,12,36,18,1,11,39,18,1,14,38,19,1,10,30,12,1,35,117,41,1,83,215,23,1,117,461,28,1,35,130,24,1,16,68,22,1,276,2,161,655,18,492,96,6,12,39,4,7,0,1,30,1,0,1,0,33145,66042
43,1790306485.11,3.5,0,1,61,370,46,1,11,44,15,1,12,36,18,1,11,39,18,1,14,38,19,1,10,30,12,1,35,117,41,1,82,216,23,1,117,462,28,1,35,130,24,1,16,68,22,1,255,2,121,562,19,492,96,6,12,39,4,7,0,1,30,1,0,1,0,33445,66283
44,1790306525.20,3.4,0,1,61,372,47,1,11,44,15,1,12,36,18,1,11,39,18,1,14,38,19,1,10,30,12,1,35,117,41,1,82,216,23,1,117,462,28,1,35,130,24,1,16,68,22,1,395,2,241,859,19,492,96,6,12,39,4,7,0,1,30,1,0,1,0,33745,66661
45,1790306564.50,3.5,0,1,61,374,45,1,11,44,15,1,12,36,18,1,11,39,18,1,14,38,19,1,10,30,12,1,35,118,41,1,82,216,23,1,117,462,28,1,35,130,24,1,16,68,22,1,323,2,161,657,20,492,96,6,12,39,4,7,0,1,30,1,0,1,0,34045,65905
46,1790306646.23,3.4,0,1,61,375,48,1,11,44,15,1,12,36,18,1,11,39,18,1,14,38,19,1,10,30,12,1,35,118,41,1,82,216,23,1,117,462,28,1,35,130,24,1,16,68,22,1,275,2,161,657,20,492,96,6,12,39,4,7,0,1,30,1,0,1,0,34345,66264
47,1790306685.09,3.4,0,1,61,376,44,1,11,44,15,1,12,36,18,1,11,39,18,1,14,38,19,1,10,30,12,1,35,118,41,1,82,216,23,1,117,462,28,1,35,130,24,1,16,68,22,1,280,2,161,658,21,492,96,6,12,39,4,7,0,1,30,1,0,1,0,34645,66041
48,1790306724.21,3.4,0,1,61,379,47,1,11,44,15,1,12,36,18,1,11,39,18,1,14,38,19,1,10,30,12,1,35,118,41,1,82,217,23,1,117,462,28,1,35,130,24,1,16,68,22,1,244,2,121,559,21,492,96,6,12,39,4,7,0,1,30,1,0,1,0,34945,65954
49,1790306764.45,3.3,0,1,61,380,46,1,11,44,15,1,12,36,18,1,11,39,18,1,14,38,19,1,10,30,12,1,35,118,41,1,82,217,23,1,117,462,28,1,35,130,24,1,16,68,22,1,377,2,239,852,22,492,96,6,12,39,4,7,0,1,30,1,0,1,0,35243,66325
50,1790306803.59,3.3,0,1,61,382,46,1,11,44,16,1,12,36,18,1,11,39,18,1,14,38,19,1,10,30,12,1,35,119,41,1,82,217,23,1,117,462,28,1,35,130,24,1,16,68,22,1,311,2,161,659,22,492,96,6,12,39,4,7,0,1,30,1,0,1,0,35543,66042
51,1790306891.13,3.4,0,1,61,382,46,1,11,44,16,1,12,36,18,1,11,39,18,1,14,38,19,1,10,30,12,1,35,119,41,1,82,217,23,1,117,462,28,1,35,131,24,1,16,68,22,1,151,2,41,362,22,492,96,6,12,39,4,7,0,1,30,1,0,1,0,35843,66392
52,1790306930.79,3.4,0,1,61,384,44,1,11,44,16,1,12,36,18,1,11,39,18,1,14,38,19,1,10,30,12,1,35,119,41,1,82,217,23,1,117,462,28,1,35,131,24,1,16,68,22,1,279,2,159,655,23,492,96,6,12,39,4,7,0,1,30,1,0,1,0,36139,66292
53,1790306970.87,3.4,0,1,61,386,49,1,11,44,16,1,12,36,18,1,11,39,18,1,14,38,19,1,10,30,12,1,35,119,41,1,82,218,23,1,117,462,28,1,35,131,24,1,16,68,22,1,271,2,159,655,23,492,96,6,12,39,4,7,0,1,30,1,0,1,0,36434,66055
54,1790307010.30,3.5,0,1,61,388,44,1,11,44,16,1,12,36,18,1,11,39,18,1,14,38,19,1,10,30,12,1,35,120,41,1,82,221,23,1,117,462,28,1,35,131,24,1,16,68,22,1,390,2,279,953,24,492,96,6,12,39,4,7,0,1,30,1,0,1,0,36733,66178
55,1790307050.34,3.3,0,1,61,390,45,1,11,44,16,1,12,36,18,1,11,39,18,1,14,38,19,1,10,30,12,1,35,120,41,1,82,221,23,1,117,462,28,1,35,131,24,1,16,68,22,1,295,2,161,661,24,492,96,6,12,39,4,7,0,1,30,1,0,1,0,37033,66336
56,1790307108.27,3.3,0,1,61,391,46,1,11,44,16,1,12,36,18,1,11,39,18,1,14,38,19,1,10,30,12,1,35,120,41,1,82,221,23,1,117,462,28,1,35,131,24,1,16,68,22,1,274,2,161,662,25,492,96,6,12,39,4,7,0,1,30,1,0,1,0,37333,66109
57,1790307148.29,3.5,0,1,61,391,45,1,11,44,16,1,12,36,18,1,11,39,18,1,14,38,19,1,10,30,12,1,35,120,41,1,82,221,23,1,117,462,28,1,35,131,24,1,16,68,22,1,261,2,121,563,25,492,96,6,12,39,4,7,0,1,30,1,0,1,0,37633,66396
58,1790307188.77,3.4,0,1,61,392,44,1,11,44,16,1,12,36,18,1,11,39,18,1,14,38,19,1,10,30,12,1,35,120,41,1,82,221,23,1,117,462,28,1,35,131,24,1,16,68,22,1,367,2,241,860,25,492,96,6,12,39,4,7,0,1,30,1,0,1,0,37932,66342
59,1790307229.17,3.4,0,1,61,395,44,1,11,44,16,1,12,36,18,1,11,39,18,1,14,38,19,1,10,30,12,1,35,120,41,1,82,221,23,1,117,463,28,1,35,131,24,1,16,68,22,1,311,2,161,663,26,492,96,6,12,39,4,7,0,1,30,1,0,1,0,38232,66194
60,1790307275.15,3.4,0,1,61,396,46,1,11,44,16,1,12,36,18,1,11,39,18,1,14,38,19,1,10,30,12,1,35,120,41,1,82,224,23,1,117,463,28,1,35,131,24,1,16,68,22,1,272,2,161,663,26,492,96,6,12,39,4,7,0,1,30,1,0,1,0,38532,66972
61,1790307316.00,3.5,0,1,61,398,47,1,11,44,16,1,12,36,18,1,11,39,18,1,14,38,19,1,10,30,12,1,35,120,41,1,82,226,23,1,117,463,28,1,35,131,24,1,16,68,22,1,192,2,41,372,27,508,112,6,12,39,4,7,0,1,30,1,0,1,0,38831,66067
62,1790307364.72,3.4,0,1,61,399,46,1,11,44,16,1,12,36,18,1,11,39,18,1,14,38,19,1,10,30,12,1,35,120,41,1,83,226,23,1,117,463,28,1,35,131,24,1,16,68,22,1,302,2,159,664,27,508,112,6,12,39,4,7,0,1,30,1,0,1,0,39127,66579
63,1790307405.16,3.5,0,1,61,401,46,1,11,44,16,1,12,36,18,1,11,39,18,1,14,38,19,1,10,30,12,1,35,120,41,1,83,226,23,1,117,463,28,1,35,131,24,1,16,68,22,1,281,2,161,665,28,508,112,6,12,39,4,7,0,1,30,1,0,1,0,39427,66185
64,1790307498.62,3.4,0,1,61,403,45,1,11,44,16,1,12,36,18,1,11,39,18,1,14,38,19,1,10,30,12,1,35,120,41,1,83,227,23,1,117,463,28,1,35,131,24,1,16,68,22,1,160,2,55,403,28,508,112,6,12,39,4,7,0,1,30,1,0,1,0,39727,66027
65,1790307540.13,3.4,0,1,61,404,45,1,11,44,16,1,12,36,18,1,11,39,18,1,14,38,19,1,10,30,12,1,35,120,41,1,83,227,23,1,117,463,28,1,35,131,24,1,16,68,22,1,292,2,175,700,28,508,112,6,12,39,4,7,0,1,30,1,0,1,0,40027,66169
66,1790307581.60,3.4,0,1,61,405,45,1,11,44,16,1,12,36,18,1,11,39,18,1,14,38,19,1,10,30,12,1,35,120,41,1,83,228,23,1,117,463,28,1,35,132,24,1,16,68,22,1,272,2,161,666,29,508,112,6,12,39,4,7,0,1,30,1,0,1,0,40326,66026
67,1790307622.34,3.5,0,1,61,406,48,1,11,45,16,1,12,36,18,1,11,39,18,1,14,38,19,1,10,30,12,1,35,120,41,1,82,228,23,1,117,463,28,1,35,132,24,1,16,68,22,1,256,2,142,567,29,508,112,6,12,39,4,7,0,1,30,1,0,1,0,40626,66275
68,1790307663.99,3.5,0,1,61,407,47,1,11,45,16,1,12,36,18,1,11,39,18,1,14,38,19,1,10,30,12,1,35,120,41,1,82,228,23,1,117,463,28,1,35,132,24,1,16,69,22,1,368,2,241,865,30,508,112,6,12,39,4,7,0,1,30,1,0,1,0,40926,66461
69,1790307705.50,3.4,0,1,61,409,46,1,11,45,16,1,12,36,18,1,11,39,18,1,14,38,19,1,10,30,12,1,35,120,41,1,82,228,23,1,117,463,28,1,35,132,24,1,16,69,22,1,295,2,161,667,30,508,112,6,12,39,4,7,0,1,30,1,0,1,0,41225,66218
70,1790307768.71,3.5,0,1,61,411,47,1,11,45,16,1,12,36,18,1,11,39,18,1,14,38,19,1,10,30,12,1,35,120,41,1,82,229,23,1,117,463,28,1,35,132,24,1,16,69,22,1,272,2,161,668,31,508,112,6,12,39,4,7,0,1,30,1,0,1,0,41525,66138
71,1790307811.50,3.2,0,1,61,413,47,1,11,45,16,1,12,36,18,1,11,39,18,1,14,38,19,1,10,30,12,1,35,120,41,1,82,229,23,1,117,463,28,1,35,132,24,1,16,69,22,1,275,2,121,569,31,508,112,6,12,39,4,7,0,1,30,1,0,1,0,41825,66059
72,1790307854.45,3.4,0,1,61,414,45,1,11,45,16,1,12,36,18,1,11,39,18,1,14,38,19,1,10,30,12,1,35,120,41,1,82,229,23,1,117,463,28,1,35,132,24,1,16,69,22,1,394,2,241,866,31,508,112,6,12,39,4,7,0,1,30,1,0,1,0,42125,66095
73,1790307896.08,3.5,0,1,61,416,45,1,11,45,16,1,12,36,18,1,11,39,18,1,14,38,19,1,10,30,12,1,35,120,41,1,82,231,23,1,117,463,28,1,35,132,24,1,16,69,22,1,315,2,161,669,32,508,112,6,12,39,4,7,0,1,30,1,0,1,0,42425,66310
74,1790307970.67,3.4,0,1,61,417,46,1,11,45,16,1,12,36,18,1,11,39,18,1,14,38,19,1,10,30,12,1,35,120,41,1,82,231,23,1,117,463,28,1,35,132,24,1,16,69,22,1,270,2,161,669,32,508,112,6,12,39,4,7,0,1,30,1,0,1,0,42725,66212
75,1790308013.13,3.2,0,1,61,418,45,1,11,45,16,1,12,36,18,1,11,39,18,1,14,38,19,1,10,30,12,1,35,120,41,1,82,231,23,1,117,463,28,1,35,132,24,1,16,69,22,1,279,2,161,670,33,508,112,6,12,39,4,7,0,1,30,1,0,1,0,43025,66905
76,1790308055.74,3.4,0,1,61,419,45,1,11,45,16,1,12,36,18,1,11,39,18,1,14,38,19,1,10,30,12,1,35,120,41,1,82,232,23,1,117,463,28,1,35,132,24,1,16,69,22,1,267,2,159,665,33,508,112,6,12,39,4,7,0,1,30,1,0,1,0,43321,65995
77,1790308098.49,3.4,0,1,61,421,46,1,11,45,16,1,12,36,18,1,11,39,18,1,14,38,19,1,10,30,12,1,35,121,41,1,82,232,23,1,117,463,28,1,35,132,24,1,16,69,22,1,180,2,41,374,34,508,112,6,12,39,4,7,0,1,30,1,0,1,0,43619,65965
78,1790308141.50,3.4,0,1,61,422,45,1,11,45,16,1,12,36,18,1,11,39,18,1,14,38,19,1,10,30,12,1,35,121,41,1,82,232,23,1,117,463,28,1,35,132,24,1,16,69,22,1,295,2,161,671,34,508,112,6,12,39,4,7,0,1,30,1,0,1,0,43919,66255
79,1790308184.29,3.5,0,1,61,423,46,1,11,45,16,1,12,36,18,1,11,39,18,1,14,38,19,1,10,30,12,1,35,121,41,1,82,236,23,1,117,463,28,1,35,132,24,1,16,69,22,1,262,2,161,671,34,508,112,6,12,39,4,7,0,1,30,1,0,1,0,44219,65996
80,1790308230.58,3.4,0,1,61,425,46,1,11,45,16,1,12,36,18,1,11,39,18,1,14,38,19,1,10,30,12,1,35,121,41,1,82,236,23,1,117,464,28,1,35,132,24,1,16,69,22,1,253,2,121,573,35,508,112,6,12,39,4,7,0,1,30,1,0,1,0,44518,65944
81,1790308264.57,3.4,0,1,61,427,47,1,11,45,16,1,12,36,18,1,11,39,18,1,14,38,19,1,10,30,12,1,35,121,41,1,82,236,23,1,117,464,28,1,35,132,24,1,16,69,22,1,374,2,241,870,35,508,112,6,12,39,4,7,0,1,30,1,0,1,0,23880,66653
82,1790308316.30,3.3,0,1,61,428,44,1,11,45,16,1,12,36,18,1,11,39,18,1,14,38,19,1,10,30,12,1,35,121,41,1,82,241,23,1,117,464,28,1,35,132,24,1,16,69,22,1,301,2,161,673,36,508,112,6,12,39,4,7,0,1,30,1,0,1,0,23669,66257
83,1790308395.69,3.5,0,1,61,429,46,1,11,45,16,1,12,36,18,1,11,39,18,1,14,38,19,1,10,30,12,1,35,121,41,1,82,241,23,1,117,464,28,1,35,132,24,1,16,69,22,1,202,2,161,544,36,508,112,6,12,39,4,7,0,1,30,1,0,1,0,23583,66026
84,1790308430.45,3.4,0,1,61,430,47,1,11,45,16,1,12,36,18,1,11,39,18,1,14,38,19,1,10,30,12,1,35,121,41,1,82,241,23,1,117,464,28,1,35,132,24,1,16,69,22,1,289,2,161,674,37,508,112,6,12,39,4,7,0,1,30,1,0,1,0,23823,65823
85,1790308464.89,3.3,0,1,61,432,45,1,11,45,16,1,12,36,18,1,11,39,18,1,14,38,19,1,10,30,12,1,35,121,41,1,83,242,23,1,117,464,28,1,35,132,24,1,16,69,22,1,258,2,121,575,37,500,112,6,12,39,4,7,0,1,30,1,0,1,0,23705,66026
86,1790308498.99,3.5,0,1,61,434,48,1,11,45,16,1,12,36,18,1,11,39,18,1,14,38,19,1,10,30,12,1,35,121,41,1,83,245,23,1,117,464,28,1,35,132,24,1,16,69,22,1,374,2,241,872,37,500,112,6,12,39,4,7,0,1,30,1,0,1,0,23885,66289
87,1790308534.16,3.4,0,1,61,435,46,1,11,45,16,1,12,36,18,1,11,39,18,1,14,38,19,1,10,30,12,1,35,121,41,1,83,246,23,1,117,464,28,1,35,132,24,1,16,69,22,1,318,2,161,675,38,500,112,6,12,39,4,7,0,1,30,1,0,1,0,23733,65880
88,1790308589.73,3.4,0,1,61,436,45,1,11,45,16,1,12,36,18,1,11,39,18,1,14,38,19,1,10,30,12,1,35,121,41,1,83,246,23,1,117,464,28,1,35,132,24,1,16,69,22,1,249,2,119,571,38,500,112,6,12,39,4,7,0,1,30,1,0,1,0,23596,65783
89,1790308627.29,3.4,0,1,61,437,46,1,11,45,16,1,12,36,18,1,11,39,18,1,14,38,19,1,10,30,12,1,35,122,41,1,83,246,23,1,117,464,28,1,35,132,24,1,16,69,22,1,390,2,239,869,39,500,112,6,12,39,4,7,0,1,30,1,0,1,0,23586,66223
90,1790308664.72,3.3,0,1,61,438,45,1,11,45,16,1,12,36,18,1,11,39,18,1,14,38,19,1,10,30,12,1,35,122,41,1,83,246,23,1,117,464,28,1,35,132,24,1,16,69,22,1,321,2,161,676,39,500,112,6,12,39,4,7,0,1,30,1,0,1,0,23886,65984
91,1790308734.22,3.3,0,1,61,439,45,1,11,45,16,1,12,36,18,1,11,39,18,1,14,38,19,1,10,30,12,1,35,122,41,1,82,246,23,1,117,464,28,1,35,132,24,1,16,69,22,1,273,2,161,677,40,500,112,6,12,39,4,7,0,1,30,1,0,1,0,23829,66361
92,1790308768.44,3.3,0,1,61,442,46,1,11,45,16,1,12,36,18,1,11,39,18,1,14,38,19,1,10,30,12,1,35,122,41,1,82,248,23,1,117,464,28,1,35,132,24,1,16,69,22,1,263,2,121,578,40,500,112,6,12,39,4,7,0,1,30,1,0,1,0,23644,65814
93,1790308802.85,3.3,0,1,61,443,46,1,11,45,16,1,12,36,18,1,11,39,18,1,14,38,19,1,10,30,12,1,35,122,41,1,82,252,23,1,117,464,28,1,35,132,24,1,16,69,22,1,366,2,241,875,40,516,128,6,12,39,4,7,0,1,30,1,0,1,0,23944,67096
94,1790308837.29,3.4,0,1,61,445,44,1,11,45,16,1,12,36,18,1,11,39,19,1,14,38,19,1,10,30,12,1,35,122,41,1,82,252,23,1,117,464,28,1,35,132,24,1,16,69,22,1,297,2,161,678,41,516,128,6,12,39,4,7,0,1,30,1,0,1,0,23655,66654
95,1790308913.10,3.4,0,1,61,446,45,1,11,45,16,1,12,36,18,1,11,39,19,1,14,38,19,1,10,30,12,1,35,122,41,1,82,252,23,1,117,464,28,1,35,133,24,1,16,69,22,1,270,2,161,678,41,516,128,6,12,39,4,7,0,1,30,1,0,1,0,23857,66670
96,1790308947.54,3.5,0,1,61,446,46,1,11,45,16,1,12,36,18,1,11,39,19,1,14,38,19,1,10,30,12,1,35,122,41,1,82,252,23,1,117,464,28,1,35,133,24,1,16,69,22,1,257,2,121,580,42,516,128,6,12,39,4,7,0,1,30,1,0,1,0,23627,66048
97,1790308981.79,3.6,0,1,61,448,47,1,11,45,16,1,12,36,18,1,11,39,19,1,14,38,19,1,10,30,12,1,35,122,41,1,82,252,23,1,117,464,28,1,35,133,24,1,16,69,22,1,365,2,241,877,42,516,128,6,12,39,4,7,0,1,30,1,0,1,0,23926,65988
98,1790309016.23,3.4,0,1,64,450,46,1,11,45,16,1,12,36,18,1,11,39,19,1,14,38,19,1,10,30,12,1,35,122,41,1,82,252,23,1,117,464,28,1,35,133,24,1,16,69,22,1,275,2,121,581,43,516,128,6,12,39,4,7,0,1,33,1,0,1,0,23658,65839
99,1790309053.69,3.3,0,1,64,450,45,1,11,45,16,1,12,36,18,1,11,39,19,1,14,38,19,1,10,30,12,1,35,122,41,1,82,252,23,1,117,464,28,1,35,133,24,1,16,69,22,1,411,2,241,878,43,516,128,6,12,39,4,7,0,1,33,1,0,1,0,23958,65938
100,1790309126.90,3.4,0,1,64,452,45,1,11,45,16,1,12,36,18,1,11,39,19,1,14,38,19,1,10,30,12,1,35,122,41,1,82,252,23,1,117,464,28,1,35,133,24,1,16,69,22,1,221,2,121,581,43,516,128,6,12,39,4,7,0,1,33,1,0,1,0,23709,66054
101,1790309161.26,3.4,0,1,67,452,44,1,11,45,16,1,12,36,18,1,11,39,19,1,14,38,19,1,10,30,12,1,35,122,41,1,82,252,23,1,117,464,28,1,35,133,24,1,16,69,22,1,346,2,241,879,44,516,128,6,12,39,4,7,0,1,36,1,0,1,0,23682,66294
102,1790309195.80,3.4,0,1,67,454,46,1,11,45,16,1,12,37,18,1,11,39,19,1,14,38,19,1,10,30,12,1,35,123,41,1,82,252,23,1,117,464,28,1,35,133,24,1,16,69,22,1,286,2,121,582,44,516,128,6,12,39,4,7,0,1,36,1,0,1,0,23981,66220
103,1790309230.43,3.4,0,1,67,456,47,1,11,45,16,1,12,37,18,1,11,39,19,1,14,38,19,1,10,30,12,1,35,123,41,1,82,252,23,1,117,464,28,1,35,133,25,1,16,69,22,1,409,2,241,880,45,516,128,6,12,39,4,7,0,1,36,1,0,1,0,23811,66238
104,1790309310.10,3.4,0,1,67,458,44,1,11,45,16,1,12,37,18,1,11,39,19,1,14,38,19,1,10,30,12,1,35,123,41,1,82,252,23,1,117,464,28,1,35,134,25,1,16,69,22,1,222,2,121,583,45,516,128,6,12,39,4,7,0,1,36,1,0,1,0,23601,65686
105,1790309360.41,3.4,0,1,67,459,49,1,11,45,16,1,12,37,18,1,11,39,19,1,14,38,19,1,10,30,12,1,35,123,41,1,82,252,23,1,117,464,28,1,35,134,25,1,16,69,22,1,348,2,241,881,46,516,128,6,12,39,4,7,0,1,36,1,0,1,0,23301,65871
106,1790309394.84,3.5,0,1,67,461,49,1,11,45,16,1,12,37,18,1,11,39,19,1,14,38,19,1,10,30,12,1,35,123,41,1,82,252,23,1,117,465,28,1,35,134,25,1,16,69,22,1,326,2,161,683,46,516,128,6,12,39,4,7,0,1,36,1,0,1,0,23601,66208
107,1790309430.17,3.4,0,1,67,463,46,1,11,45,16,1,12,37,18,1,11,39,19,1,14,38,19,1,10,30,12,1,35,123,41,1,83,252,23,1,117,465,28,1,35,134,25,1,16,69,22,1,263,2,121,584,46,499,128,6,12,39,4,7,0,1,36,1,0,1,0,23426,65797
108,1790309464.83,3.5,0,1,67,466,46,1,11,45,16,1,12,37,18,1,11,39,19,1,14,38,19,1,10,30,12,1,35,123,41,1,83,252,23,1,117,465,28,1,35,134,25,1,16,69,22,1,369,2,241,882,47,499,128,6,12,39,4,7,0,1,36,1,0,1,0,23646,66533
109,1790309504.26,3.4,0,1,67,468,46,1,11,45,16,1,12,37,18,1,11,39,19,1,14,38,19,1,10,30,12,1,35,123,41,1,83,252,23,1,117,465,28,1,35,134,25,1,16,69,22,1,308,2,161,684,47,499,128,6,12,39,4,7,0,1,36,1,0,1,0,23706,66161
110,1790309588.56,3.4,0,1,67,469,46,1,11,45,16,1,12,37,18,1,11,39,19,1,14,38,19,1,10,30,12,1,35,123,41,1,83,252,23,1,117,465,28,1,35,134,25,1,16,69,22,1,271,2,161,685,48,499,128,6,12,39,4,7,0,1,36,1,0,1,0,23306,66234
111,1790309622.90,3.5,0,1,67,471,45,1,11,45,16,1,12,37,18,1,11,39,19,1,14,38,19,1,10,30,12,1,35,123,41,1,83,252,23,1,117,465,28,1,35,134,25,1,16,69,22,1,276,2,161,685,48,499,128,6,12,39,4,7,0,1,36,1,0,1,0,23125,66052
112,1790309656.86,3.4,0,1,67,471,45,1,11,45,16,1,12,37,18,1,11,39,19,1,14,38,19,1,10,30,12,1,35,123,41,1,83,252,23,1,117,465,28,1,35,134,25,1,16,69,22,1,383,2,281,983,49,499,128,6,12,39,4,7,0,1,36,1,0,1,0,23345,66050
113,1790309689.85,3.5,0,1,67,476,48,1,11,45,16,1,12,37,18,1,11,39,19,1,14,38,19,1,10,30,12,1,35,123,41,1,83,252,23,1,117,465,28,1,35,134,25,1,16,69,22,1,295,2,161,686,49,499,128,6,12,39,4,7,0,1,36,1,0,1,0,23343,65940
114,1790309724.25,3.5,0,1,67,479,44,1,11,45,16,1,12,37,18,1,11,39,19,1,14,38,19,1,10,30,12,1,35,123,41,1,83,252,23,1,117,465,28,1,35,134,25,1,16,69,22,1,177,2,41,389,49,499,128,6,12,39,4,7,0,1,36,1,0,1,0,23582,65952
115,1790309758.04,3.5,0,1,67,480,46,1,11,45,16,1,12,37,18,1,11,39,19,1,14,38,19,1,10,30,12,1,35,123,41,1,82,252,23,1,117,465,28,1,35,134,25,1,16,70,22,1,293,2,161,687,50,499,128,6,12,39,4,7,0,1,36,1,0,1,0,23702,66270
116,1790309838.72,3.4,0,1,67,481,46,1,11,45,16,1,12,37,18,1,11,39,19,1,14,38,19,1,10,30,12,1,35,123,41,1,82,252,23,1,117,465,28,1,35,134,25,1,16,70,22,1,271,2,161,687,50,499,128,6,12,39,4,7,0,1,36,1,0,1,0,23425,66014
117,1790309873.55,3.4,0,1,67,483,46,1,11,45,16,1,12,37,18,1,11,39,19,1,14,38,19,1,10,30,12,1,35,123,41,1,82,252,23,1,117,465,28,1,35,134,25,1,16,70,22,1,291,2,161,688,51,499,128,6,12,39,4,7,0,1,36,1,0,1,0,23605,66437
118,1790309907.80,3.4,0,1,67,485,45,1,11,45,16,1,12,37,18,1,11,39,19,1,14,38,19,1,10,30,12,1,35,123,41,1,82,252,23,1,117,465,28,1,35,134,25,1,16,70,22,1,193,2,53,421,51,499,128,6,12,39,4,7,0,1,36,1,0,1,0,23591,65665
119,1790309941.99,3.5,0,1,67,487,44,1,11,45,16,1,12,37,18,1,11,39,19,1,14,38,19,1,10,30,12,1,35,123,41,1,82,252,23,1,117,465,28,1,35,134,25,1,16,70,22,1,294,2,173,719,52,499,128,6,12,39,4,7,0,1,36,1,0,1,0,23577,65792
120,1790309976.28,3.4,0,1,67,488,45,1,11,45,16,1,12,37,18,1,11,39,19,1,14,38,19,1,10,30,12,1,35,123,41,1,82,252,23,1,117,465,28,1,35,134,25,1,16,70,22,1,251,2,119,585,52,499,128,6,12,39,4,7,0,1,36,1,0,1,0,23874,65872
121,1790310051.90,3.3,0,1,67,489,46,1,11,45,16,1,12,37,18,1,11,39,19,1,14,38,19,1,10,30,12,1,35,124,41,1,82,252,23,1,117,465,28,1,35,135,25,1,16,70,22,1,272,2,161,689,52,499,128,6,12,39,4,7,0,1,36,1,0,1,0,23934,65777
122,1790310087.41,3.4,0,1,67,490,49,1,11,45,16,1,12,37,18,1,11,39,19,1,14,38,19,1,10,30,12,1,35,124,41,1,82,252,23,1,117,465,28,1,35,135,25,1,16,70,22,1,210,2,57,433,53,499,128,6,12,39,4,7,0,1,36,1,0,1,0,23903,66085
123,1790310124.80,3.4,0,1,67,491,48,1,11,45,16,1,12,37,18,1,11,39,19,1,14,38,19,1,10,30,12,1,35,124,41,1,82,252,23,1,117,465,28,1,35,135,25,1,16,70,22,1,330,2,177,730,53,499,128,6,12,39,4,7,0,1,36,1,0,1,0,23654,66419
124,1790310159.83,3.5,0,1,67,493,47,1,11,45,16,1,12,37,18,1,11,39,19,1,14,38,19,1,10,30,12,1,35,124,41,1,82,252,23,1,117,465,28,1,35,135,25,1,16,70,22,1,274,2,121,592,54,499,128,6,12,39,4,7,0,1,36,1,0,1,0,23954,66485
125,1790310247.15,3.3,0,1,67,494,45,1,11,45,16,1,12,37,18,1,11,39,19,1,14,38,19,1,10,30,12,1,35,124,41,1,82,252,23,1,117,465,28,1,35,135,25,1,16,70,22,1,271,2,161,691,54,499,128,6,12,39,4,7,0,1,36,1,0,1,0,23874,66494
126,1790310281.47,3.4,0,1,67,496,48,1,11,45,16,1,12,37,18,1,11,39,19,1,14,38,19,1,10,30,12,1,35,124,41,1,82,252,23,1,117,465,28,1,35,135,25,1,16,70,22,1,256,2,121,593,55,499,128,6,12,39,4,7,0,1,36,1,0,1,0,23994,65976
127,1790310315.73,3.5,0,1,67,497,46,1,11,45,16,1,12,37,18,1,11,39,19,1,14,38,19,1,10,30,12,1,35,124,41,1,82,252,23,1,117,465,28,1,35,135,25,1,16,70,22,1,364,2,241,890,55,499,128,6,12,39,4,7,0,1,36,1,0,1,0,23715,66000
128,1790310350.19,3.4,0,1,67,499,45,1,11,45,16,1,12,37,18,1,11,39,19,1,14,38,19,1,10,30,12,1,35,124,41,1,82,252,23,1,117,465,28,1,35,135,25,1,16,70,22,1,310,2,161,692,55,499,128,6,12,39,4,7,0,1,36,1,0,1,0,24015,65988
129,1790310424.89,3.4,0,1,67,501,49,1,11,45,16,1,12,37,18,1,11,39,19,1,14,38,19,1,10,30,12,1,35,124,41,1,82,252,23,1,117,465,28,1,35,135,25,1,16,70,22,1,272,2,161,693,56,499,128,6,12,39,4,7,0,1,36,1,0,1,0,23924,66777
130,1790310463.54,3.5,0,1,67,502,46,1,11,45,16,1,12,37,18,1,11,39,19,1,14,38,19,1,10,30,12,1,35,124,41,1,82,252,23,1,117,465,28,1,35,135,25,1,16,70,22,1,271,2,119,589,56,561,128,6,12,39,4,7,0,1,36,1,0,1,0,23873,66077
131,1790310499.05,3.4,0,1,67,503,46,1,11,45,16,1,12,37,18,1,11,39,19,1,14,38,19,1,10,30,12,1,35,124,41,1,82,252,23,1,117,465,28,1,35,135,25,1,16,70,22,1,391,2,239,887,57,499,128,6,12,39,4,7,0,1,36,1,0,1,0,23993,65909
132,1790310533.87,3.5,0,1,67,505,48,1,11,45,16,1,12,37,18,1,11,39,19,1,14,38,19,1,10,30,12,1,35,124,41,1,82,252,23,1,117,465,28,1,35,135,25,1,16,70,22,1,310,2,161,694,57,499,128,6,12,39,4,7,0,1,36,1,0,1,0,24193,66480
133,1790310607.02,3.5,0,1,67,505,46,1,11,45,16,1,12,37,18,1,11,39,19,1,14,38,19,1,10,30,12,1,35,124,41,1,82,252,23,1,117,465,28,1,35,135,25,1,16,70,22,1,272,2,161,695,58,499,128,6,12,39,4,7,0,1,36,1,0,1,0,23909,66061
134,1790310643.01,3.4,0,1,67,507,46,1,11,45,16,1,12,37,18,1,11,39,19,1,14,38,19,1,10,30,12,1,35,124,41,1,82,252,23,1,117,465,28,1,35,135,25,1,16,70,22,1,271,2,119,591,58,499,128,6,12,39,4,7,0,1,36,1,0,1,0,23945,65741
135,1790310677.77,3.3,0,1,67,508,47,1,11,45,16,1,12,37,18,1,11,39,19,1,14,38,19,1,10,30,12,1,35,124,41,1,82,252,23,1,117,465,28,1,35,135,25,1,16,70,22,1,377,2,237,883,58,499,128,6,12,39,4,7,0,1,36,1,0,1,0,24241,65776
136,1790310714.00,3.5,0,1,67,511,50,1,11,45,16,1,12,37,18,1,11,39,19,1,14,38,19,1,10,30,12,1,35,124,41,1,82,252,23,1,117,465,28,1,35,135,25,1,16,70,22,1,309,2,161,696,59,499,128,6,12,39,4,7,0,1,36,1,0,1,0,24176,66634
137,1790310803.63,3.3,0,1,67,513,46,1,11,45,16,1,12,37,18,1,11,39,19,1,14,38,19,1,10,30,12,1,35,124,41,1,82,252,23,1,117,465,28,1,35,135,25,1,16,70,22,1,276,2,161,696,59,499,128,6,12,39,4,7,0,1,36,1,0,1,0,23956,65880
138,1790310837.95,3.3,0,1,67,515,45,1,11,45,16,1,12,37,18,1,11,39,19,1,14,38,19,1,10,30,12,1,35,124,41,1,82,252,23,1,117,465,28,1,35,135,25,1,16,70,22,1,278,2,157,687,60,499,128,6,12,39,4,7,0,1,36,1,0,1,0,23655,66103
139,1790310872.54,3.5,0,1,67,517,45,1,11,45,16,1,12,37,18,1,11,39,19,1,14,38,19,1,10,30,12,1,35,124,41,1,82,252,23,1,117,465,28,1,35,135,25,1,16,70,22,1,175,2,41,400,60,499,128,6,12,39,4,7,0,1,36,1,0,1,0,23953,66314
140,1790310907.29,3.5,0,1,70,519,47,1,11,45,16,1,12,37,18,1,11,39,19,1,14,38,19,1,10,30,12,1,35,124,41,1,82,252,23,1,117,465,28,1,35,135,25,1,16,70,22,1,301,2,161,698,61,499,128,6,12,39,4,7,0,1,39,1,0,1,0,23904,67546
141,1790310952.50,3.4,0,1,70,519,46,1,11,45,16,1,12,37,18,1,11,39,19,1,14,38,19,1,10,30,12,1,35,124,41,1,82,252,23,1,117,466,28,1,35,135,25,1,16,70,22,1,273,2,161,698,61,499,128,6,12,39,4,7,0,1,39,1,0,1,0,23796,66723
142,1790311003.08,3.4,0,1,70,521,47,1,11,45,16,1,12,37,18,1,11,39,19,1,14,38,19,1,10,30,12,1,35,124,41,1,82,252,23,1,117,466,28,1,35,135,25,1,16,70,22,1,253,2,119,594,61,499,128,6,12,39,4,7,0,1,39,1,0,1,0,24012,66456
143,1790311037.57,3.4,0,1,70,522,51,1,11,45,16,1,12,37,18,1,11,39,19,1,14,38,19,1,10,30,12,1,35,124,41,1,82,252,23,1,117,466,28,1,35,135,25,1,16,70,22,1,379,2,239,892,62,499,128,6,12,39,4,7,0,1,39,1,0,1,0,23925,66210
144,1790311072.44,3.4,0,1,70,524,46,1,11,45,16,1,12,37,18,1,11,39,19,1,14,38,19,1,10,30,12,1,35,125,41,1,82,252,23,1,117,466,28,1,35,135,25,1,16,70,22,1,289,2,161,699,62,499,128,6,12,39,4,7,0,1,39,1,0,1,0,24224,66820
145,1790311153.81,3.4,0,1,70,525,50,1,11,45,16,1,12,37,18,1,11,39,19,1,14,38,19,1,10,30,12,1,35,126,41,1,82,252,23,1,117,466,28,1,35,135,25,1,16,70,22,1,271,2,159,695,63,499,128,6,12,39,4,7,0,1,39,1,0,1,0,23941,66199
146,1790311187.94,3.4,0,1,70,526,46,1,11,45,16,1,12,37,18,1,11,39,19,1,14,38,19,1,10,30,12,1,35,126,41,1,82,252,23,1,117,466,28,1,35,135,25,1,16,70,22,1,274,2,121,601,63,499,128,6,12,39,4,7,0,1,39,1,0,1,0,24241,66028
147,1790311221.70,3.5,0,1,70,528,44,1,11,45,16,1,12,37,18,1,11,39,19,1,14,38,19,1,10,30,12,1,35,126,41,1,82,252,23,1,117,466,28,1,35,135,25,1,16,70,22,1,380,2,241,899,64,499,128,6,12,39,4,7,0,1,39,1,0,1,0,23992,66086
148,1790311257.05,3.4,0,1,70,530,45,1,11,45,16,1,12,37,18,1,11,39,19,1,14,38,19,1,10,30,12,1,35,126,41,1,82,252,23,1,117,466,28,1,35,135,25,1,16,70,22,1,311,2,161,701,64,499,128,6,12,39,4,7,0,1,39,1,0,1,0,24292,66255
149,1790311348.42,3.3,0,1,70,531,47,1,11,45,16,1,12,37,18,1,11,39,19,1,14,38,19,1,10,30,12,1,35,126,41,1,82,252,23,1,117,466,28,1,35,135,25,1,16,70,22,1,272,2,161,701,64,499,128,6,12,39,4,7,0,1,39,1,0,1,0,23863,66037
150,1790311383.51,3.4,0,1,70,534,47,1,11,45,16,1,12,37,18,1,11,39,19,1,14,38,19,1,10,30,12,1,35,126,41,1,82,252,23,1,117,466,28,1,35,135,25,1,16,70,22,1,292,2,161,717,80,499,128,6,12,39,4,7,0,1,39,1,0,1,0,24163,66673
151,1790311419.40,3.4,0,1,70,537,46,1,11,45,16,1,12,37,18,1,11,39,19,1,14,38,19,1,10,30,12,1,35,126,41,1,82,252,23,1,117,466,28,1,35,135,25,1,16,70,22,1,203,2,57,470,80,499,128,6,12,39,4,7,0,1,39,1,0,1,0,24012,66098
152,1790311454.03,3.5,0,1,70,538,46,1,11,45,16,1,12,37,18,1,11,39,19,1,14,38,19,1,10,30,12,1,35,126,41,1,82,252,23,1,117,466,28,1,35,135,25,1,16,70,22,1,309,2,177,766,80,499,128,6,12,39,4,7,0,1,39,1,0,1,0,24003,65944
153,1790311489.47,3.4,0,1,70,539,45,1,11,45,16,1,12,37,18,1,11,39,19,1,14,38,19,1,10,30,12,1,35,126,41,1,83,252,23,1,117,466,28,1,35,135,25,1,16,70,22,1,256,2,121,618,80,499,128,6,12,39,4,7,0,1,39,1,0,1,0,24193,66063
154,1790311523.88,3.4,0,1,70,540,44,1,11,45,16,1,12,37,18,1,11,39,19,1,14,38,19,1,10,30,12,1,35,126,41,1,82,252,23,1,117,466,28,1,35,135,25,1,16,70,22,1,378,2,241,915,80,499,128,6,12,39,4,7,0,1,39,1,0,1,0,24192,66448
155,1790311566.92,3.4,0,1,70,543,50,1,11,45,16,1,12,37,18,1,11,39,19,1,14,38,19,1,10,30,12,1,35,126,41,1,82,252,23,1,117,466,28,1,35,135,25,1,16,70,22,1,309,2,161,717,80,499,128,6,12,39,4,7,0,1,39,1,0,1,0,24462,66583
156,1790311635.51,3.3,0,1,73,545,46,1,11,45,16,1,12,37,18,1,11,39,19,1,14,38,19,1,10,30,12,1,35,126,41,1,82,252,23,1,117,466,28,1,35,135,25,1,16,70,22,1,275,2,161,717,80,499,128,6,12,39,4,7,0,1,42,1,0,1,0,24422,66133
157,1790311669.94,3.4,0,1,73,546,45,1,11,45,16,1,12,37,18,1,11,39,19,1,14,38,19,1,10,30,12,1,35,126,41,1,82,252,23,1,117,466,28,1,35,135,25,1,16,70,22,1,262,2,119,613,80,499,128,6,12,39,4,7,0,1,42,1,0,1,0,24302,65983
158,1790311709.20,3.4,0,1,73,548,47,1,11,45,16,1,12,37,18,1,11,39,19,1,14,38,19,1,10,30,12,1,35,126,41,1,82,252,23,1,117,466,28,1,35,135,25,1,16,70,22,1,378,2,239,910,80,499,128,6,12,39,4,7,0,1,42,1,0,1,0,24492,65990
159,1790311744.88,3.4,0,1,73,550,47,1,11,45,16,1,12,37,18,1,11,39,19,1,14,38,19,1,10,30,12,1,35,126,41,1,82,252,23,1,117,466,28,1,35,135,25,1,16,70,22,1,323,2,161,717,80,499,128,6,12,39,4,7,0,1,42,1,0,1,0,24283,66546
160,1790311784.92,3.4,0,1,73,552,45,1,11,45,16,1,12,37,18,1,11,39,19,1,14,38,19,1,10,30,12,1,35,126,41,1,82,252,23,1,117,467,28,1,35,135,25,1,16,70,22,1,273,2,121,618,80,499,128,6,12,39,4,7,0,1,42,1,0,1,0,24583,65971
161,1790311852.67,3.4,0,1,73,553,47,1,11,45,16,1,12,37,18,1,11,39,19,1,14,38,19,1,10,30,12,1,35,126,41,1,82,252,23,1,117,467,28,1,35,135,25,1,16,70,22,1,250,2,119,613,80,499,128,6,12,39,4,7,0,1,42,1,0,1,0,24499,66642
162,1790311887.07,3.4,0,1,73,555,46,1,11,45,16,1,12,37,18,1,11,39,19,1,14,38,19,1,10,30,12,1,35,126,41,1,82,252,23,1,117,467,28,1,35,135,25,1,16,70,22,1,383,2,239,910,80,499,128,6,12,39,4,7,0,1,42,1,0,1,0,24312,66063
163,1790311923.16,3.4,0,1,73,558,49,1,11,45,16,1,12,37,18,1,11,39,19,1,14,38,19,1,10,30,12,1,35,126,41,1,82,252,23,1,117,467,28,1,35,135,25,1,16,70,22,1,314,2,161,717,80,499,128,6,12,39,4,7,0,1,42,1,0,1,0,24301,66648
164,1790311968.39,3.4,0,1,73,559,48,1,11,45,16,1,12,37,18,1,11,39,19,1,14,38,19,1,10,30,12,1,35,126,41,1,82,252,23,1,117,467,28,1,35,135,25,1,16,70,22,1,252,2,121,618,80,499,128,6,12,39,4,7,0,1,42,1,0,1,0,24521,66422
165,1790312003.34,3.5,0,1,73,560,45,1,11,45,16,1,12,37,18,1,11,39,19,1,14,38,19,1,10,30,12,1,35,126,41,1,82,252,23,1,117,467,28,1,35,135,25,1,16,70,22,1,380,2,241,915,80,499,128,6,12,39,4,7,0,1,42,1,0,1,0,24625,66185
166,1790312068.28,3.4,0,1,73,561,45,1,11,45,16,1,12,37,18,1,11,39,19,1,14,38,19,1,10,30,12,1,35,126,41,1,82,252,23,1,117,467,28,1,35,135,25,1,16,70,22,1,302,2,161,717,80,499,128,6,12,39,4,7,0,1,42,1,0,1,0,24477,66037
167,1790312103.87,3.3,0,1,73,564,45,1,11,45,16,1,12,37,18,1,11,39,19,1,14,38,19,1,10,30,12,1,35,126,41,1,82,252,23,1,117,467,28,1,35,135,25,1,16,70,22,1,294,2,161,717,80,499,128,6,12,39,4,7,0,1,42,1,0,1,0,24657,66477
168,1790312138.80,3.3,0,1,73,566,45,1,11,45,16,1,12,37,18,1,11,39,19,1,14,38,19,1,10,30,12,1,35,126,41,1,82,252,23,1,117,467,28,1,35,135,25,1,16,70,22,1,403,2,281,1014,80,499,128,6,12,39,4,7,0,1,42,1,0,1,0,24541,66193
169,1790312173.57,3.4,0,1,73,568,48,1,11,45,16,1,12,37,18,1,11,39,19,1,14,38,19,1,10,30,12,1,35,126,41,1,82,252,23,1,117,467,28,1,35,135,25,1,16,70,22,1,309,2,159,712,80,499,128,6,12,39,4,7,0,1,42,1,0,1,0,24458,66060
170,1790312208.05,3.5,0,1,73,570,46,1,11,45,16,1,12,37,18,1,11,39,19,1,14,38,19,1,10,30,12,1,35,126,41,1,82,252,23,1,117,467,29,1,35,135,25,1,16,70,22,1,255,2,119,613,80,499,128,6,12,39,4,7,0,1,42,1,0,1,0,24755,66139
171,1790312243.13,3.5,0,1,73,572,45,1,11,45,16,1,12,37,18,1,11,39,19,1,14,38,19,1,10,30,12,1,35,126,41,1,82,252,23,1,117,467,29,1,35,135,25,1,16,70,22,1,369,2,237,905,80,499,128,6,12,39,4,7,0,1,42,1,0,1,0,24535,65929
172,1790312278.39,3.4,0,1,73,573,46,1,11,45,16,1,12,37,18,1,11,39,19,1,14,38,19,1,10,30,12,1,35,126,41,1,82,252,23,1,117,467,29,1,35,135,25,1,16,70,22,1,302,2,155,717,80,499,128,6,12,39,4,7,0,1,42,1,0,1,0,24835,65957
173,1790312318.37,3.4,0,1,73,575,45,1,11,45,16,1,12,37,18,1,11,39,19,1,14,38,19,1,10,30,12,1,35,126,41,1,82,252,23,1,117,467,29,1,35,135,25,1,16,70,22,1,429,2,275,1014,80,499,128,6,12,39,4,7,0,1,42,1,0,1,0,24755,65940
174,1790312374.34,3.4,0,1,73,576,48,1,11,45,16,1,12,37,18,1,11,39,19,1,14,38,19,1,10,30,12,1,35,126,41,1,82,252,23,1,117,467,29,1,35,135,25,1,16,70,22,1,302,2,161,717,80,499,128,6,12,39,4,7,0,1,42,1,0,1,0,24706,65852
175,1790312409.26,3.4,0,1,73,578,47,1,11,45,16,1,12,37,18,1,11,39,19,1,14,38,19,1,10,30,12,1,35,126,41,1,83,252,23,1,117,467,29,1,35,135,25,1,16,70,22,1,277,2,157,707,80,499,128,6,12,39,4,7,0,1,42,1,0,1,0,24899,66102
176,1790312500.15,3.4,0,1,73,578,46,1,11,45,16,1,12,37,18,1,11,39,19,1,14,38,19,1,10,30,12,1,35,126,41,1,83,252,23,1,117,467,29,1,35,136,25,1,16,70,22,1,273,2,161,717,80,499,128,6,12,39,4,7,0,1,42,1,0,1,0,24468,65811
177,1790312535.04,3.4,0,1,73,581,47,1,11,45,16,1,12,37,18,1,11,39,19,1,14,38,19,1,10,30,12,1,35,126,41,1,83,252,23,1,117,467,29,1,35,136,25,1,16,70,22,1,278,2,161,717,80,499,128,6,12,39,4,7,0,1,42,1,0,1,0,24708,66129
178,1790312569.75,3.4,0,1,73,583,46,1,11,45,16,1,12,37,18,1,11,39,19,1,14,38,19,1,10,30,12,1,35,126,41,1,82,252,23,1,117,467,29,1,35,136,25,1,16,70,22,1,253,2,121,618,80,499,128,6,12,39,4,7,0,1,42,1,0,1,0,24590,66022
179,1790312605.72,3.4,0,1,73,585,45,1,11,45,16,1,12,37,18,1,11,39,19,1,14,38,19,1,10,30,12,1,35,126,41,1,82,252,23,1,117,467,29,1,35,136,25,1,16,70,22,1,389,2,241,915,80,499,128,6,12,39,4,7,0,1,42,1,0,1,0,24769,65928
180,1790312641.89,3.5,0,1,73,587,47,1,11,45,16,1,12,37,18,1,11,39,19,1,14,38,19,1,10,30,12,1,35,126,41,1,82,252,23,1,117,467,29,1,35,136,25,1,16,70,22,1,322,2,161,717,80,499,128,6,12,39,4,7,0,1,42,1,0,1,0,24590,66209
181,1790312733.80,3.4,0,1,73,589,45,1,11,45,16,1,12,37,18,1,11,39,19,1,14,38,19,1,10,30,12,1,35,126,41,1,82,252,23,1,117,467,29,1,35,136,25,1,16,70,22,1,270,2,161,717,80,499,128,6,12,39,4,7,0,1,42,1,0,1,0,24410,66038
182,1790312768.41,3.4,0,1,73,590,44,1,11,45,16,1,12,37,18,1,11,39,19,1,14,38,19,1,10,30,12,1,35,126,41,1,82,252,23,1,117,467,29,1,35,136,25,1,16,70,22,1,276,2,161,717,80,499,128,6,12,39,4,7,0,1,42,1,0,1,0,24405,66334
183,1790312803.20,3.4,0,1,73,592,45,1,11,45,16,1,12,37,18,1,11,39,19,1,14,38,19,1,10,30,12,1,35,126,41,1,82,252,23,1,117,467,29,1,35,136,25,1,16,70,22,1,176,2,41,420,80,499,128,6,12,39,4,7,0,1,42,1,0,1,0,24585,66509
184,1790312838.05,3.4,0,1,73,593,46,1,11,45,16,1,12,37,18,1,11,39,19,1,14,38,19,1,10,30,12,1,35,126,41,1,82,252,23,1,117,467,29,1,35,136,25,1,16,70,22,1,296,2,159,712,80,499,128,6,12,39,4,7,0,1,42,1,0,1,0,24518,66169
185,1790312872.69,3.3,0,1,73,594,46,1,11,45,16,1,12,37,18,1,11,39,19,1,14,38,19,1,10,30,12,1,35,126,41,1,82,252,23,1,117,467,29,1,35,136,25,1,16,70,22,1,248,2,119,613,80,499,128,6,12,39,4,7,0,1,42,1,0,1,0,24446,66749
186,1790312913.63,3.4,0,1,73,596,44,1,11,45,16,1,12,37,18,1,11,39,19,1,14,38,19,1,10,30,12,1,35,126,41,1,82,252,23,1,117,467,29,1,35,136,25,1,16,70,22,1,383,2,239,910,80,499,128,6,12,39,4,7,0,1,42,1,0,1,0,24746,66013
187,1790312982.69,3.4,0,1,73,597,45,1,11,45,16,1,12,37,18,1,11,39,19,1,14,38,19,1,10,30,12,1,35,126,41,1,82,252,23,1,117,467,29,1,35,136,25,1,16,70,22,1,300,2,161,733,96,499,128,6,12,39,4,7,0,1,42,1,0,1,0,24716,66105
188,1790313017.35,3.4,0,1,73,599,45,1,11,45,16,1,12,37,18,1,11,39,19,1,14,38,19,1,10,30,12,1,35,126,41,1,82,252,23,1,117,467,29,1,35,136,25,1,16,70,22,1,282,2,161,733,96,499,128,6,12,39,4,7,0,1,42,1,0,1,0,24535,66161
189,1790313054.96,3.3,0,1,73,600,45,1,11,45,16,1,12,37,18,1,11,39,19,1,14,38,19,1,10,30,12,1,35,126,41,1,82,252,23,1,117,467,29,1,35,136,25,1,16,70,22,1,264,2,121,634,96,499,128,6,12,39,4,7,0,1,42,1,0,1,0,24430,66578
190,1790313090.73,3.4,0,1,73,603,49,1,11,45,16,1,12,37,18,1,11,39,19,1,14,38,19,1,10,30,12,1,35,126,41,1,82,252,23,1,117,467,29,1,35,136,25,1,16,70,22,1,395,2,241,931,96,499,128,6,12,39,4,7,0,1,42,1,0,1,0,24620,66154
191,1790313159.49,3.2,0,1,73,604,49,1,11,45,16,1,12,37,18,1,11,39,19,1,14,38,19,1,10,30,12,1,35,126,41,1,82,252,23,1,117,467,29,1,35,136,25,1,16,70,22,1,303,2,159,728,96,499,128,6,12,39,4,7,0,1,42,1,0,1,0,24502,65950
192,1790313230.24,3.4,0,1,73,606,46,1,11,45,16,1,12,37,18,1,11,39,19,1,14,38,19,1,10,30,12,1,35,126,41,1,82,252,23,1,117,467,29,1,35,136,25,1,16,70,22,1,160,2,55,471,96,499,128,6,12,39,4,7,0,1,42,1,0,1,0,24563,66224
193,1790313265.23,3.4,0,1,73,606,45,1,11,45,16,1,12,37,18,1,11,39,19,1,14,38,19,1,10,30,12,1,35,126,41,1,82,252,23,1,117,468,29,1,35,136,25,1,16,70,22,1,282,2,175,767,96,499,128,6,12,39,4,7,0,1,42,1,0,1,0,24502,66009
194,1790313299.96,3.4,0,1,73,608,47,1,11,45,16,1,12,37,18,1,11,39,19,1,14,38,19,1,10,30,12,1,35,126,41,1,82,252,23,1,117,468,29,1,35,136,25,1,16,70,22,1,242,2,121,634,96,499,128,6,12,39,4,7,0,1,42,1,0,1,0,24225,66224
195,1790313335.84,3.4,0,1,73,610,45,1,11,45,16,1,12,37,19,1,11,39,19,1,14,38,19,1,10,30,12,1,35,126,41,1,82,252,23,1,117,468,29,1,35,136,25,1,16,70,22,1,382,2,241,931,96,499,128,6,12,39,4,7,0,1,42,1,0,1,0,24525,66253
196,1790313370.74,3.4,0,1,73,611,45,1,11,45,16,1,12,37,19,1,11,39,19,1,14,38,19,1,10,30,12,1,35,126,41,1,82,252,23,1,117,468,29,1,35,136,25,1,16,70,22,1,309,2,161,733,96,499,128,6,12,39,4,7,0,1,42,1,0,1,0,24225,66180
197,1790313480.75,3.5,0,1,73,613,45,1,11,45,16,1,12,37,19,1,11,39,19,1,14,38,19,1,10,30,12,1,35,126,41,1,82,252,23,1,117,468,29,1,35,136,25,1,16,70,22,1,220,2,121,634,96,499,128,6,12,39,4,7,0,1,42,1,0,1,0,24304,66205
198,1790313515.24,3.3,0,1,73,614,47,1,11,45,16,1,12,37,19,1,11,39,20,1,14,38,19,1,10,30,12,1,35,126,41,1,83,252,23,1,117,468,29,1,35,136,25,1,16,70,22,1,362,2,237,921,96,499,128,6,12,39,4,7,0,1,42,1,0,1,0,24134,66088
199,1790313551.11,3.5,0,1,73,615,48,1,11,45,16,1,12,37,19,1,11,39,20,1,14,38,19,1,10,30,12,1,35,126,41,1,83,252,23,1,117,468,29,1,35,136,25,1,16,70,22,1,325,2,161,733,96,499,128,6,12,39,4,7,0,1,42,1,0,1,0,23921,66082
200,1790313585.79,3.4,0,1,73,617,45,1,11,45,16,1,12,37,19,1,11,39,20,1,14,38,19,1,10,30,12,1,35,126,41,1,83,252,23,1,117,468,29,1,35,136,25,1,16,70,22,1,441,2,281,1030,96,499,128,6,12,39,4,7,0,1,42,1,0,1,0,24221,66061
201,1790313620.26,3.4,0,1,73,619,49,1,11,45,16,1,12,37,19,1,11,39,20,1,14,38,19,1,10,30,12,1,35,126,41,1,82,252,23,1,117,468,29,1,35,136,25,1,16,70,22,1,313,2,161,733,96,499,128,6,12,39,4,7,0,1,42,1,0,1,0,24144,66194
202,1790313663.06,3.4,0,1,73,620,45,1,11,45,16,1,12,37,19,1,11,39,20,1,14,38,19,1,10,30,12,1,35,126,41,1,82,252,23,1,117,468,29,1,35,136,25,1,16,70,22,1,264,2,121,634,96,499,128,6,12,39,4,7,0,1,42,1,0,1,0,24444,66607
203,1790313697.78,3.4,0,1,73,622,44,1,11,45,16,1,12,37,19,1,11,39,20,1,14,38,19,1,10,30,12,1,35,126,41,1,82,252,23,1,117,468,29,1,35,136,25,1,16,70,22,1,383,2,241,931,96,499,128,6,12,39,4,7,0,1,42,1,0,1,0,24322,66229
204,1790313748.35,3.4,0,1,73,624,49,1,11,45,16,1,12,37,19,1,11,39,20,1,14,38,19,1,10,30,12,1,35,127,41,1,82,252,23,1,117,468,29,1,35,136,25,1,16,70,22,1,307,2,161,733,96,499,128,6,12,39,4,7,0,1,42,1,0,1,0,24284,66132
205,1790313798.01,3.4,0,1,73,625,46,1,11,45,16,1,12,37,19,1,11,39,20,1,14,38,19,1,10,30,12,1,35,127,41,1,82,252,23,1,117,468,29,1,35,136,25,1,16,70,22,1,278,2,161,733,96,499,128,6,12,39,4,7,0,1,42,1,0,1,0,24164,65957
206,1790313838.14,3.4,0,1,73,627,49,1,11,45,16,1,12,37,19,1,11,39,20,1,14,38,19,1,10,30,12,1,35,127,41,1,82,252,23,1,117,468,29,1,35,136,25,1,16,70,22,1,274,2,121,634,96,499,128,6,12,39,4,7,0,1,42,1,0,1,0,24433,66330
207,1790313872.98,3.4,0,1,73,629,44,1,11,45,16,1,12,37,19,1,11,39,20,1,14,39,19,1,10,30,12,1,35,127,41,1,82,252,23,1,117,468,29,1,35,136,25,1,16,70,22,1,383,2,241,931,96,499,128,6,12,39,4,7,0,1,42,1,0,1,0,24552,66034
208,1790313929.45,3.3,0,1,73,631,45,1,11,45,16,1,12,37,19,1,11,39,20,1,14,39,19,1,10,30,12,1,35,127,41,1,82,252,23,1,117,468,29,1,35,136,25,1,16,70,22,1,302,2,161,733,96,499,128,6,12,39,4,7,0,1,42,1,0,1,0,24262,66216
209,1790313965.25,3.5,0,1,73,632,45,1,11,45,16,1,12,37,19,1,11,39,20,1,14,39,19,1,10,30,12,1,35,127,41,1,82,252,23,1,117,468,29,1,35,136,25,1,16,70,22,1,273,2,121,634,96,499,128,6,12,39,4,7,0,1,42,1,0,1,0,24462,66662
210,1790314011.44,3.4,0,1,73,635,48,1,11,45,16,1,12,37,19,1,11,39,20,1,14,39,19,1,10,30,12,1,35,127,41,1,82,252,23,1,117,468,29,1,35,136,25,1,16,70,22,1,183,2,41,436,96,499,128,6,12,39,4,7,0,1,42,1,0,1,0,24462,66193
211,1790314046.19,3.4,0,1,73,637,47,1,11,45,16,1,12,37,19,1,11,39,20,1,14,39,19,1,10,30,12,1,35,127,41,1,82,252,23,1,117,468,29,1,35,136,25,1,16,70,22,1,310,2,161,733,96,499,128,6,12,39,4,7,0,1,42,1,0,1,0,24429,66802
212,1790314112.64,3.4,0,1,73,640,47,1,11,45,16,1,12,37,19,1,11,39,20,1,14,39,19,1,10,30,12,1,35,127,41,1,82,252,23,1,117,468,29,1,35,136,25,1,16,70,23,1,270,2,161,733,96,499,128,6,12,39,4,7,0,1,42,1,0,1,0,24225,66051
213,1790314147.08,3.4,0,1,73,641,45,1,11,45,16,1,12,37,19,1,11,39,20,1,14,39,19,1,10,30,12,1,35,127,41,1,82,252,23,1,117,468,29,1,35,136,25,1,16,70,23,1,261,2,121,634,96,499,128,6,12,39,4,7,0,1,42,1,0,1,0,24525,66051
214,1790314182.76,3.3,0,1,73,643,45,1,11,45,16,1,12,37,19,1,11,39,20,1,14,39,19,1,10,30,12,1,35,127,41,1,82,252,23,1,117,468,29,1,35,136,25,1,16,70,23,1,382,2,241,931,96,499,128,6,12,39,4,7,0,1,42,1,0,1,0,24445,66035
215,1790314228.16,3.5,0,1,73,645,47,1,11,45,16,1,12,37,19,1,11,39,20,1,14,39,19,1,10,30,12,1,35,127,41,1,82,252,23,1,117,468,29,1,35,136,25,1,16,70,23,1,300,2,161,733,96,499,128,6,12,39,4,7,0,1,42,1,0,1,0,24745,66126
216,1790314263.17,3.4,0,1,73,647,44,1,11,45,16,1,12,37,19,1,11,39,20,1,14,39,19,1,10,30,12,1,35,127,41,1,82,252,23,1,117,468,29,1,35,136,25,1,16,70,23,1,258,2,121,634,96,499,128,6,12,39,4,7,0,1,42,1,0,1,0,24595,66812
217,1790314310.93,3.3,0,1,73,647,46,1,11,45,16,1,12,37,19,1,11,39,20,1,14,39,19,1,10,30,12,1,35,127,41,1,82,252,23,1,117,468,29,1,35,136,25,1,16,70,23,1,373,2,241,931,96,499,128,6,12,39,4,7,0,1,42,1,0,1,0,24531,66179
218,1790314358.53,3.4,0,1,73,650,47,1,11,45,16,1,12,37,19,1,11,39,20,1,14,39,19,1,10,30,12,1,35,127,41,1,82,252,23,1,117,468,29,1,35,136,25,1,16,70,23,1,304,2,161,733,96,499,128,6,12,39,4,7,0,1,42,1,0,1,0,24471,66400
219,1790314439.73,3.4,0,1,73,652,46,1,11,45,16,1,12,37,19,1,11,39,20,1,14,39,19,1,10,30,12,1,35,127,41,1,82,252,23,1,117,468,29,1,35,136,25,1,16,70,23,1,161,2,61,485,96,499,128,6,12,39,4,7,0,1,42,1,0,1,0,24571,66925
220,1790314473.90,3.5,0,1,76,653,47,1,11,45,16,1,12,37,19,1,11,39,20,1,14,39,19,1,10,30,12,1,35,127,41,1,83,252,23,1,117,469,29,1,35,136,25,1,16,70,23,1,287,2,181,782,96,499,128,6,12,39,4,7,0,1,45,1,0,1,0,24301,66440
221,1790314511.62,3.5,0,1,76,655,48,1,11,45,16,1,12,37,19,1,11,39,20,1,14,39,19,1,10,30,12,1,35,127,41,1,83,252,23,1,117,469,29,1,35,136,25,1,16,70,23,1,257,2,121,634,96,499,128,6,12,39,4,7,0,1,45,1,0,1,0,24481,66296
222,1790314546.18,3.5,0,1,76,657,45,1,11,45,16,1,12,37,19,1,11,39,20,1,14,39,19,1,10,30,12,1,35,127,41,1,83,252,23,1,117,469,29,1,35,136,25,1,16,70,23,1,379,2,241,931,96,499,128,6,12,39,4,7,0,1,45,1,0,1,0,24374,67189
223,1790314581.22,3.4,0,1,76,659,45,1,11,45,16,1,12,37,19,1,11,39,20,1,14,39,19,1,10,30,12,1,35,127,41,1,83,252,23,1,117,469,29,1,35,136,25,1,16,70,23,1,312,2,161,733,96,499,128,6,12,39,4,7,0,1,45,1,0,1,0,24594,66405
224,1790314639.15,3.4,0,1,76,661,44,1,11,45,16,1,12,37,19,1,11,39,20,1,14,39,19,1,10,30,12,1,35,127,41,1,83,252,23,1,117,469,29,1,35,136,25,1,16,70,23,1,273,2,161,749,112,499,128,6,12,39,4,7,0,1,45,1,0,1,0,24587,66151
225,1790314684.75,3.5,0,1,76,662,44,1,11,45,16,1,12,37,19,1,11,39,20,1,14,39,19,1,10,30,12,1,35,127,41,1,82,252,23,1,117,469,29,1,35,136,25,1,16,70,23,1,236,2,103,606,112,499,128,6,12,39,4,7,0,1,45,1,0,1,0,24308,66588
226,1790314723.14,3.5,0,1,76,664,45,1,11,45,16,1,12,37,19,1,11,39,20,1,14,39,19,1,10,30,12,1,35,127,41,1,82,252,23,1,117,469,29,1,35,136,25,1,16,70,23,1,373,2,223,903,112,499,128,6,12,39,4,7,0,1,45,1,0,1,0,24528,66924
227,1790314757.86,3.4,0,1,76,666,46,1,11,45,16,1,12,37,19,1,11,39,20,1,14,39,19,1,10,30,12,1,35,127,41,1,82,252,23,1,117,469,29,1,35,136,25,1,16,70,23,1,300,2,161,749,112,499,128,6,12,39,4,7,0,1,45,1,0,1,0,24658,66534
228,1790314792.68,3.4,0,1,76,668,44,1,11,45,16,1,12,37,19,1,11,39,20,1,14,39,19,1,10,30,12,1,35,127,41,1,82,252,23,1,117,469,29,1,35,136,25,1,16,70,23,1,420,2,281,1046,112,499,128,6,12,39,4,7,0,1,45,1,0,1,0,24958,67192
229,1790314853.88,3.5,0,1,76,669,44,1,11,45,16,1,12,37,19,1,11,39,20,1,14,39,19,1,10,30,12,1,35,127,41,1,82,252,23,1,117,469,29,1,35,136,25,1,16,70,23,1,301,2,161,749,112,499,128,6,12,39,4,7,0,1,45,1,0,1,0,24789,66783
230,1790314888.80,3.3,0,1,76,672,45,1,11,45,16,1,12,37,19,1,11,39,20,1,14,39,19,1,10,30,12,1,35,127,41,1,82,252,23,1,117,469,29,1,35,136,25,1,16,70,23,1,289,2,161,749,112,499,128,6,12,39,4,7,0,1,45,1,0,1,0,24549,66633
231,1790314923.69,3.4,0,1,76,674,46,1,11,45,16,1,12,37,19,1,11,39,20,1,14,39,19,1,10,30,12,1,35,127,41,1,82,252,23,1,117,469,29,1,35,136,25,1,16,70,23,1,194,2,51,477,112,499,128,6,12,39,4,7,0,1,45,1,0,1,0,24845,67451
232,1790314959.61,3.2,0,1,76,676,46,1,11,45,16,1,12,37,19,1,11,39,20,1,14,39,19,1,10,30,12,1,35,127,41,1,82,252,23,1,117,469,29,1,35,136,25,1,16,70,23,1,318,2,171,774,112,499,128,6,12,39,4,7,0,1,45,1,0,1,0,25064,66220
233,1790314994.76,3.5,0,1,76,678,46,1,11,45,16,1,12,37,19,1,11,39,20,1,14,39,19,1,10,30,12,1,35,127,41,1,82,252,23,1,117,469,29,1,35,136,25,1,16,70,23,1,266,2,119,645,112,499,128,6,12,39,4,7,0,1,45,1,0,1,0,24841,67035
234,1790315071.91,3.4,0,1,76,679,46,1,11,45,16,1,12,37,19,1,11,39,20,1,14,39,19,1,10,30,12,1,35,127,41,1,82,252,23,1,117,469,29,1,35,136,25,1,16,70,23,1,272,2,161,749,112,499,128,6,12,39,4,7,0,1,45,1,0,1,0,24541,66389
235,1790315106.38,3.4,0,1,76,681,46,1,11,45,16,1,12,37,19,1,11,39,20,1,14,39,19,1,10,30,12,1,35,127,41,1,82,252,23,1,117,469,29,1,35,136,25,1,16,70,23,1,222,2,81,551,112,499,128,6,12,39,4,7,0,1,45,1,0,1,0,24840,66664
236,1790315143.18,3.4,0,1,79,682,45,1,11,45,16,1,12,37,19,1,11,39,20,1,14,39,19,1,10,30,12,1,35,127,41,1,82,252,23,1,117,469,29,1,35,136,25,1,16,70,23,1,339,2,201,848,112,499,128,6,12,39,4,7,0,1,48,1,0,1,0,24541,66154
237,1790315177.76,3.4,0,1,79,684,46,1,11,45,16,1,12,37,19,1,11,39,20,1,14,39,19,1,10,30,12,1,35,127,41,1,82,252,23,1,117,469,29,1,35,136,25,1,16,70,23,1,283,2,151,724,112,499,128,6,12,39,4,7,0,1,48,1,0,1,0,24841,66230
238,1790315235.36,3.4,0,1,79,685,45,1,11,45,16,1,12,37,19,1,11,39,20,1,14,39,19,1,10,30,12,1,35,127,41,1,82,252,23,1,117,469,29,1,35,136,25,1,16,70,23,1,252,2,119,645,112,499,128,6,12,39,4,7,0,1,48,1,0,1,0,24758,66691
239,1790315270.02,3.5,0,1,79,687,44,1,11,45,16,1,12,37,19,1,11,39,20,1,14,39,19,1,10,30,12,1,35,127,41,1,82,252,23,1,117,469,29,1,35,136,25,1,16,70,23,1,375,2,239,942,112,499,128,6,12,39,4,7,0,1,48,1,0,1,0,24756,66271
240,1790315320.96,3.4,0,1,79,689,45,1,11,45,16,1,12,37,19,1,11,39,20,1,14,39,19,1,10,30,12,1,35,127,41,1,82,252,23,1,117,469,29,1,35,136,25,1,16,70,23,1,305,2,161,749,112,499,128,6,12,39,4,7,0,1,48,1,0,1,0,24602,67013
241,1790315356.96,3.5,0,1,79,690,47,1,11,45,16,1,12,37,19,1,11,39,20,1,14,39,19,1,10,30,12,1,35,127,41,1,82,252,23,1,117,469,29,1,35,136,25,1,16,70,23,1,275,2,121,650,112,499,128,6,12,39,4,7,0,1,48,1,0,1,0,24782,66482
242,1790315396.01,3.5,0,1,79,692,47,1,11,45,16,1,12,37,19,1,11,39,20,1,14,39,19,1,10,30,12,1,35,127,41,1,82,252,23,1,117,469,29,1,35,136,25,1,16,70,23,1,395,2,241,947,112,499,128,6,12,39,4,7,0,1,48,1,0,1,0,24610,66442
243,1790315430.95,3.4,0,1,79,694,44,1,11,45,16,1,12,37,19,1,11,39,20,1,14,39,19,1,10,30,12,1,35,127,41,1,83,252,23,1,117,469,29,1,35,136,25,1,16,70,23,1,313,2,161,749,112,499,128,6,12,39,4,7,0,1,48,1,0,1,0,24830,66189
